[
    {
      "id": "0000",
      "titulo": "A Freira 2",
      "diretor": "Michael Chavez",
      "genero": "Terror/Suspense",
      "ano": "2023",
      "img": "afreira.jpg",
      "snp": "A Freira 2 é do mesmo diretor dos sucessos Invocação do Mal 3: A Ordem do Demônio (2021) e A Maldição da Chorona (2019). Um padre foi assassinado, em 1956, e o mal dá sinais de que está se espalhando. A jovem Sophie pressente que algo de muito ruim habita a sua escola. A Irmã Irene (Taissa Farmiga) tem a certeza de que Valak, o terrível demônio em forma de freira, voltou para enfrentá-la novamente. Ciente de que o objetivo da entidade é recuperar o poder perdido, Irene sabe que precisa devolvê-la para o inferno. Sequência do grande sucesso A Freira (2018) e parte integrante do universo Invocação do Mal, composto ainda pelos filmes Annabelle (2014) e Annabelle 2 (2017) e Annabelle 3 (2019)."
    },
    {
      "id": "0001",
      "titulo": "Jogos Mortais X",
      "diretor": "Kevin Greutert",
      "genero": "Terror",
      "ano": "2023",
      "img": "jogosmortaisx.jpeg",
      "snp": "Jogos Mortais X é do mesmo diretor de Jogos Mortais: O Final (2010), Jogos Mortais 6 (2009), e dos mesmos roteiristas de Jogos Mortais: Jigsaw (2017). John Kramer sempre lutou contra o câncer implacável que o aflige. Quando descobre uma médica (Synnove Macody Lund) como verdadeira chance de sua sobrevivência, ela viaja para o México para iniciar o tratamento. Lá, ele conhece a doutora, a equipe e uma paciente curada. Para sua surpresa, tudo não passava de um golpe. Agora, aqueles que brincaram com sua vida experimentarão o jogo de vingança de um homem acostumado a brincar com a morte. Sequência número 10 da série de filmes de sucesso, criada por James Wan, iniciada com Jogos Mortais (2004)."

    },
    {
      "id": "0002",
      "titulo": "O Exorcista -  O Devoto",
      "diretor": "David Gordon Green",
      "genero": "Terror",
      "ano": "2023",
      "img": "oexorcista.jpg",
      "snp": "O Exorcista: O Devoto é do mesmo diretor de Halloween (2018) e Halloween Ends (2022). Duas amigas muito unidas (Lidya Jewet e Olivia Marcum) desapareceram por dias. Depois de encontradas, elas apresentaram um estranho comportamento. Quando o quadro fica mais sinistro, elas são internadas no hospital. Após um alerta de que alguma força maligna possa ter possuído seus corpos, uma enfermeira (Ann Dowd) lembra da história de alguém com passado semelhante. É quando os pais delas recorrem a mãe (Ellen Burstyn) da jovem Regan, possuída anos atrás pelo demônio, e iniciam uma difícil e assustadora batalha contra o mal. Sequência do clássico O Exorcista (1973), baseado na obra de William Peter Blatty."
    },
    {
      "id": "0004",
      "titulo": "O Protetor - O Capítulo Final",
      "diretor": "Antoine Fuqua",
      "genero": "Ação/Suspense/Policial",
      "ano": "2023",
      "img": "oprotetor.jpeg",
      "snp": "O Protetor: Capítulo Final é do mesmo diretor dos sucessos O Protetor (2014), O Protetor 2 (2018) e Dia de Treinamento (2001), Oscar de Melhor Ator. Robert (Denzel Washington) descobriu numa pacata região da Itália a paz que sonhava após anos de conflitos. Vivendo como um aposentado, ele se encanta pelos moradores, que o recebem de coração aberto. Para sua tristeza, quando a máfia entra em ação, a violência bate novamente à sua porta. É quando ele mergulha em uma nova guerra pessoal, em mais uma escalada de violência em busca de vingança. Do mesmo roteirista dos filmes anteriores com o personagem e também dos bem sucedidos Jack Reacher: Sem Retorno (2016) e Os Mercenários 2 (2012)."
    },
    {
      "id": "0005",
      "titulo": "Patrulha Canina - Um Filme Superpoderoso",
      "diretor": "Cal Brunker",
      "genero": "Animação",
      "ano": "2023",
      "img": "patrulhacanina.jpeg",
      "snp": "Patrulha Canina - Um Filme Superpoderoso é do mesmo diretor do sucesso Patrulha Canina: O Filme (2021) e A Fuga do Planeta Terra (2012). Após a queda de um misterioso meteoro nas ruas de Adventure City, a cidade ficará ainda mais segura. Se eles já contavam com a segurança da turma da PAW Patrol, imagine contar os novos superpoderes adquiridos pelos filhotes por meio da recente ameaça que veio do espaço. Só que tem uma vilã muito interessada nesses novos poderes e ela não medirá esforços para roubá-los. Agora, a ampliada Patrulha Canina precisa estar mais unida do que nunca para encarar essa desafiadora missão. Do mesmo roteirista de Big Pai Big Filho (2017) e Big Pai Big Filho 2 (2020)."
    },
    {
      "id": "0006",
      "titulo": "Som da Liberdade",
      "diretor": "Alejandro Monteverde",
      "genero": "Drama/Suspense/Ação",
      "ano": "2023",
      "img": "somdaliberdade.jpeg",
      "snp": "Som da Liberdade tornou-se um fenômeno recente e já vendeu mais de 200 milhões de dólares ao redor do mundo. Tim (Kim Caviezel) trabalhava como agente federal americano e estava satisfeito com o próprio desempenho e o de sua equipe no combate a pedofilia. Certo dia, Tim é confrontado com uma realidade diferente. Após salvar um menino das mãos de traficantes sexuais, a criança pede que ele salve sua irmã em poder dos criminosos. Ao descobrir ela viva, na Colômbia, ele se desliga do governo com o apoio de sua esposa (Mira Sorvino). É quando Tim parte para uma perigosa missão de resgate, não somente dela, mas de outros inocentes das garras dessa absurda indústria. Baseado em uma história real."
    },
    {
      "id": "0007",
      "titulo": "Trolls 3 - Juntos Novamente",
      "diretor": "Wat Dohm, Tim Heitz",
      "genero": "Animação/Aventura/Comédia",
      "ano": "2023",
      "img": "trolls.jpeg",
      "snp": "Trolls 3 - Juntos Novamente é dos mesmos roteiristas dos sucessos Trolls 2 (2020), Trolls (2016) e da divertida série de filmes Kung Fu Panda. A vida animada e musical de Poppy (Anna Kendrick/Julie), Tronco (Justin Timberlake/Hugo Bonemer) e a turminha continua firme e colorida. O clima de amizade e paquera aumenta com a chegada de um casamento, mas é um segredo do passado de Tronco que mexe com os corações. De forma inesperada, aparece um irmão dele e, com ele, a história dos outros irmãos e a boy band BroZone, paixão da turma, vem à tona. Enquanto Poppy fica encantada, Tronco lembra com tristeza da separação, mas seu irmão John Dory convoca os amigos para reunir todos novamente."
    }
  ]