[
    {
      
      "titulo": "A Procura da Felicidade",
      "diretor":  "Gabriele Muccino",
      "genero": "Drama",
      "ano": "2006"
    },
    {
      
      "titulo": "Até que a Sorte Nos Separe",
      "diretor":  "Roberto Santucci",
      "genero": "Comédia",
      "ano": "2012"
    },
    {
      
      "titulo": "Spider-Man",
      "diretor":  "Sam Raimi",
      "genero": "Fantasia",
      "ano": "2002"
    },
    {
      
      "titulo": "Spider-Man 2",
      "diretor":  "Sam Raimi",
      "genero": "Fantasia",
      "ano": "2004"
    },
    {
      
      "titulo": "Spider-Man 3",
      "diretor":  "Sam Raimi",
      "genero": "Fantasia",
      "ano": "2007"
    },
    {
      
      "titulo": "Transformers",
      "diretor":  "Michael Bay",
      "genero": "Ficção científica",
      "ano": "2007"
    },
    {
      
      "titulo": "Transformers: A Vingança dos Derrotados",
      "diretor":  "Michael Bay",
      "genero": "Ficção científica",
      "ano": "2009"
    },
    {
      
      "titulo": "As Tartarugas Ninja",
      "diretor":  "Jonathan Liebesman",
      "genero": "Ação",
      "ano": "2014"
    },
    {
      
      "titulo": "Power Rangers",
      "diretor":  "Dean Israelite",
      "genero": "Ficção científica",
      "ano": "2017"
    },
    {
      
      "titulo": "2012",
      "diretor":  "Roland Emmerich",
      "genero": "Ficção científica",
      "ano": "2006"
    },
    {
      
      "titulo": "O preço do amanhã",
      "diretor":  "Andrew Niccol",
      "genero": "Ficção científica",
      "ano": "2011"
    },
    {
      
      "titulo": "A origem dos guardiões",
      "diretor":  "Peter Ramsey",
      "genero": "Animação",
      "ano": "2012"
    },
    {
      
      "titulo": "Carros",
      "diretor":  "John Lasseter",
      "genero": "Animação",
      "ano": "2006"
    },
    {
      
      "titulo": "Carros 2",
      "diretor":  "John Lasseter",
      "genero": "Animação",
      "ano": "2011"
    },
    {
      
      "titulo": "Carros 3",
      "diretor":  "Brian Fee",
      "genero": "Animação",
      "ano": "2017"
    },
    {
      
      "titulo": "Turbo",
      "diretor":  "David Soren",
      "genero": "Animação",
      "ano": "2013"
    },
    {
      
      "titulo": "Kung Fu Panda",
      "diretor":  "Mark Osborne",
      "genero": "Animação",
      "ano": "2008"
    },
    {
      
      "titulo": "Kung Fu Panda 2",
      "diretor":  "Jennifer Yuh Nelson",
      "genero": "Animação",
      "ano": "2011"
    },
    {
      
      "titulo": "O Incrível Hulk",
      "diretor":  "Louis Leterrier",
      "genero": "Ação",
      "ano": "2008"
    },
    {
      
      "titulo": "Os Vingadores",
      "diretor":  "Joss Whedon",
      "genero": "Ação",
      "ano": "2012"
    },
    {
      
      "titulo": "Capitão América: O Primeiro Vingador",
      "diretor":  "Joe Johnston",
      "genero": "Ação",
      "ano": "2011"
    },
    {
      
      "titulo": "Guardiões da Galáxia",
      "diretor":  "James Gunn",
      "genero": "Ação",
      "ano": "2014"
    },
    {
      
      "titulo": "Batman: O Cavaleiro das Trevas",
      "diretor":  "Christopher Nolan",
      "genero": "Ação",
      "ano": "2010"
    },
    {
      
      "titulo": "Homem de Ferro",
      "diretor":  "Jon Favreau",
      "genero": "Ação",
      "ano": "2008"
    },
    {
      
      "titulo": "Homem de Ferro 2",
      "diretor":  "Jon Favreau",
      "genero": "Ação",
      "ano": "2010"
    }
  ]