[
  {
    "id": "1",
    "titulo": "Tropa de Elite",
    "diretor": "José Padilha",
    "genero": "Drama",
    "ano": "2007"
  },
  {
    "id": "2",
    "titulo": "Tropa de Elite 2: O inimigo agora é outro",
    "diretor": "José Padilha",
    "genero": "Drama",
    "ano": "2010"
  },
  {
    "id": "3",
    "titulo": "De Volta para o Futuro",
    "diretor": "Robert Zemeckis",
    "genero": "Ficção",
    "ano": "1985"
  },
  {
    "id": "4",
    "titulo": "De Volta para o Futuro 2",
    "diretor": "Robert Zemeckis",
    "genero": "Ficção",
    "ano": "1989"
  },
  {
    "id": "5",
    "titulo": "De Volta para o Futuro 3",
    "diretor": "Robert Zemeckis",
    "genero": "Ficção",
    "ano": "1990"
  },
  {
    "id": "6",
    "titulo": "O Pacto",
    "diretor": "Guy Ritchie",
    "genero": "Drama",
    "ano": "2023"
  },
  {
    "id": "7",
    "titulo": "O Protetor 3",
    "diretor": "Antoine Fuqua",
    "genero": "Ação",
    "ano": "2023"
  },
  {
    "id": "8",
    "titulo": "Harry Potter e o Cálice de Fogo",
    "diretor": "Mike Newell",
    "genero": "Aventura",
    "ano": "2005"
  },
  {
    "id": "9",
    "titulo": "Os Incríveis",
    "diretor": "Brad Bird",
    "genero": "Ação",
    "ano": "2004"
  },
  {
    "id": "10",
    "titulo": "Bob Esponja - O Filme",
    "diretor": "Stephen Hillenburg",
    "genero": "Comédia",
    "ano": "2004"
  },
  {
    "id": "11",
    "titulo": "Ratatouille",
    "diretor": "Brad Bird",
    "genero": "Comédia",
    "ano": "2007"
  },
  {
    "id": "12",
    "titulo": "Meu Malvado Favorito",
    "diretor": "Chris Renaud",
    "genero": "Comédia",
    "ano": "2010"
  },
  {
    "id": "13",
    "titulo": "Freddy vs Jason",
    "diretor": "Ronny Yu",
    "genero": "Terror",
    "ano": "2003"
  },
  {
    "id": "14",
    "titulo": "Bee Movie - A História de uma Abelha",
    "diretor": "Simon J. Smith",
    "genero": "Comédia",
    "ano": "2007"
  },
  {
    "id": "15",
    "titulo": "Shrek",
    "diretor": "Andrew Adamson",
    "genero": "Comédia",
    "ano": "2001"
  }
]