[
    {
      "id": "1",
      "titulo": "A Origem",
      "diretor": "Christopher Nolan",
      "genero": "Ficção Científica",
      "ano": "2010",
      "imagem": "https://encrypted-tbn2.gstatic.com/images?q=tbn:ANd9GcS-1t6PkPosP80FBAsRzIM_SuZGdcY6svaMfWP8X9BdiqNUvyQ8"
    },

    {
        "id": "2",
        "titulo": "Um Sonho de Liberdade",
        "diretor": "Frank Darabont",
        "genero": "Drama",
        "ano": "1994",
        "imagem": "https://encrypted-tbn3.gstatic.com/images?q=tbn:ANd9GcQ3STb1Mb90NjZhOJwrSGKhgsiHZtxoSrR11RIY4N5-Q28HdsHT"
        
    },
    {
        "id": "3",
        "titulo": "O Poderoso Chefão",
        "diretor": "Francis Ford Coppola",
        "genero": "Crime/Drama",
        "ano": "1972",
        "imagem": "https://play-lh.googleusercontent.com/ooMpCgZK3ftSd8b5z8pob30iilVw2sUf6V9DQoWPRd4UlvWhT-PJIJMgJEojH3WjTXt4srbfzUuEYu72J-Q=w480-h960-rw"
    },
    {
        "id": "4",
        "titulo": "O Poderoso Chefão - Parte II",
        "diretor": "Francis Ford Coppola",
        "genero": "Drama/Crime",
        "ano": "1974",
        "imagem": "https://encrypted-tbn1.gstatic.com/images?q=tbn:ANd9GcTtA1iGMcbPnBcetlwE9X9DAyUy_7dm3-FT1B5MpqC2jiHilFfD"
    },
    {
        "id": "5",
        "titulo": "Interestelar",
        "diretor": "Christopher Nolan",
        "genero": "Ficção Científica",
        "ano": "2014",
        "imagem": "https://encrypted-tbn2.gstatic.com/images?q=tbn:ANd9GcRm2leyMGMJ84bXC4xcNE3nhwuFw__agAGieUDxrkA8qSLNAfh5"
    },
    {
        "id": "6",
        "titulo": "A Origem dos Guardiões",
        "diretor": "Peter Ramsey",
        "genero": "Infantil/Aventura",
        "ano": "2012",
        "imagem": "https://encrypted-tbn3.gstatic.com/images?q=tbn:ANd9GcRCnfioEqqMtuG9_O4U20fUc-K23y3nyHOlkNEwwslhHceS4M8X"
    },
    {
        "id": "7",
        "titulo": "Clube da Luta",
        "diretor": "David Fincher",
        "genero": "Drama/Thriller psicológico",
        "ano": "1999",
        "imagem": "https://encrypted-tbn1.gstatic.com/images?q=tbn:ANd9GcQniWEvNpxLnjT2IgQ9Q7WrmPwlyRVqTg12aKPezb612FsrtJzg"
    },
    {
        "id": "8",
        "titulo": "A Viagem de Chihiro",
        "diretor": "Hayao Miyazaki",
        "genero": "Animação/Fantasia",
        "ano": "2001",
        "imagem": "https://encrypted-tbn2.gstatic.com/images?q=tbn:ANd9GcQ__gbILnE3jJ4cC5-5MYRg1yJpKINKnb4mlkElPRgei9fynPah"
    },
    {
        "id": "9",
        "titulo": "Pulp Fiction: Tempo de Violência",
        "diretor": "Quentin Tarantino",
        "genero": "Crime/Drama",
        "ano": "1994",
        "imagem": "https://encrypted-tbn0.gstatic.com/images?q=tbn:ANd9GcSgdnAx4RcqdeSRes2ziir-xst2CwO0G99WDZHHTe1a3bQzlsxw"
    },
    {
        "id": "10",
        "titulo": "A Lista de Schindler",
        "diretor": "Steven Spielberg",
        "genero": "Biografia/Drama",
        "ano": "1993",
        "imagem": "https://encrypted-tbn1.gstatic.com/images?q=tbn:ANd9GcQq-twvdSH_UJA8xISHdvmk-cqR13F6BOrMLWkKFfbgFNI2zbbd"
    },
    {
        "id": "11",
        "titulo": "A Chegada",
        "diretor": "Denis Villeneuve",
        "genero": "Ficção Científica/Drama",
        "ano": "2016",
        "imagem": "https://encrypted-tbn2.gstatic.com/images?q=tbn:ANd9GcTt2dzvBs0FkqzxitH8o2X-t52hPQ28-FMkfgp9b46BZQaBmGuF"
    },
    {
        "id": "12",
        "titulo": "Forrest Gump: O Contador de Histórias",
        "diretor": "Robert Zemeckis",
        "genero": "Drama/Romance",
        "ano": "1994",
        "imagem": "https://encrypted-tbn2.gstatic.com/images?q=tbn:ANd9GcTFEXK7nOeOlpnsn9IxrdUc1Z53qnHLkE7kPAkhyCTf0mwJ8beF"
    },
    {
        "id": "13",
        "titulo": "O Senhor dos Anéis: A Sociedade do Anel",
        "diretor": "Peter Jackson",
        "genero": "Fantasia/Aventura",
        "ano": "2001",
        "imagem": "https://encrypted-tbn2.gstatic.com/images?q=tbn:ANd9GcTcpoyk641ovC9v94qS-gGKc6xq-ZZaUNsOx4gv0eXwG0VnW1G8"
    },
    {
        "id": "14",
        "titulo": "Clube dos Cinco",
        "diretor": "John Hughes",
        "genero": "Comédia/Drama",
        "ano": "1985",
        "imagem": "https://encrypted-tbn2.gstatic.com/images?q=tbn:ANd9GcRh3Rhuq986YXFFmgWLtLNbbMrMSR5eLxL-ZRw_w9kRjFoqLbfW"
    },
    {
        "id": "15",
        "titulo": "Gladiador",
        "diretor": "Ridley Scott",
        "genero": "Ação/Drama",
        "ano": "2000",
        "imagem": "https://upload.wikimedia.org/wikipedia/pt/4/44/GladiadorPoster.jpg"
    },
    {
        "id": "16",
        "titulo": "Os Infiltrados",
        "diretor": "Martin Scorsese",
        "genero": "Crime/Drama",
        "ano": "2006",
        "imagem": "https://encrypted-tbn1.gstatic.com/images?q=tbn:ANd9GcRGzb0BUIHP7nZqxLykalpsZ9S5TP7is0ITME70GplbXH9C2FXv"
    },
    {
        "id": "17",
        "titulo": "A Viagem de Redenção",
        "diretor": "Angelina Jolie",
        "genero": "Drama/Biografia",
        "ano": "2014",
        "imagem": "https://media.filmelier.com/images/filmes/cartaz/unbroken-path-to-redemption88618.jpeg"
    }
]
