[
  {
    "id": "001",
    "titulo": "A Invasão dos Robôs Gigantes",
    "diretor": "Alex Steel",
    "gênero": "Ficção Científica",
    "ano": "2025"
  },

  {
    "id": "002",
    "titulo": "A Jornada Épica",
    "diretor": "Emily Knight",
    "genero": "Aventura",
    "ano": "2024"
  },
    
  {
    "id": "003",
    "titulo": "O Segredo das Profundezas",
    "diretor": "David Ocean",
    "genero": "Suspense",
    "ano": "2023"
  },
    
  {
    "id": "004",
    "titulo": "O Mistério do Relógio Antigo",
    "diretor": "Sophia Silva",
    "genero": "Mistério",
    "ano": "2021"
  },
    
  {
    "id": "005",
    "titulo": "A Magia Perdida",
    "diretor": "Lucas Luna",
    "genero": "Fantasia",
    "ano": "2020"
  },

  {
    "id": "006",
    "titulo": "A Caçada Selvagem",
    "diretor": "Isabel Wild",
    "genero": "Ação",
    "ano": "2019"
  },
    
  {
    "id": "007",
    "titulo": "A Herança Maldita",
    "diretor": "Tom Shadow",
    "genero": "Terror",
    "ano": "2018"
  },
    
  {
    "id": "008",
    "titulo": "Os Viajantes do Tempo",
    "diretor": "Sam Quantum",
    "genero": "Ficção Científica",
    "ano": "2017"
  },
    
  {
    "id": "009",
    "titulo": "A Lenda do Dragão Dourado",
    "diretor": "Nina Blaze",
    "genero": "Fantasia",
    "ano": "2016"
  },
    
  {
    "id": "010",
    "titulo": "A Última Fronteira",
    "diretor": "Miguel Estrela",
    "genero": "Aventura",
    "ano": "2015"
  }

]