[
    {
      "id": "000001",
      "titulo": "The Truman Show",
      "slug": "the-trueman-show",
      "diretor": "Peter Weir",
      "genero": "Drama/Ficção científica",
      "ano": "1998",
      "duracao": "1h 47m",
      "descricao": "Truman Burbank é um pacato vendedor de seguros que leva uma vida simples com sua esposa Meryl Burbank. Porém, algumas coisas ao seu redor fazem com que ele passe a estranhar sua cidade, seus supostos amigos e até sua mulher. Após conhecer a misteriosa Lauren, ele fica intrigado e acaba descobrindo que toda sua vida foi monitorada por câmeras e transmitida em rede nacional.",
      "imagem" : "imagens/the_truman_show.jpg"
    },
    {
      "id": "000002",
      "titulo": "Bee Movie",
      "slug": "bee-movie",
      "diretor": "Simon J. Smith, Steve Hickner",
      "genero": "Comédia/Infantil",
      "ano": "2007",
      "duracao": "1h 31m",
      "descricao": "A recém-formada abelha Barry acha a vida de trabalhar com mel desinteressante. Ele voa fora da colmeia pela primeira vez e conversa com um humano, quebrando uma primordial regra de sua espécie. Barry descobre que humanos têm roubado e comido mel há séculos e decide processar a humanidade.",
      "imagem" : "imagens/bee_movie.jpg"
    },
    {
      "id": "000003",
      "titulo": "Shrek",
      "slug": "shrek",
      "diretor": "Andrew Adamson, Vicky Jenson",
      "genero": "Comédia/Fantasia",
      "ano": "2001",
      "duracao": "1h 29m",
      "descricao": "Um ogro tem sua vida invadida por personagens de contos de fadas que acabam com a tranquilidade de seu lar. Ele faz um acordo pra resgatar uma princesa.",
      "imagem" : "imagens/shrek.jpg" 
    },
    {
      "id": "000004",
      "titulo": "Toy Story",
      "slug": "toy_story",
      "diretor": "John Lasseter",
      "genero": "Infantil/Aventura",
      "ano": "1995",
      "duracao": "1h 21m",
      "descricao":"O aniversário do garoto Andy está chegando e seus brinquedos ficam nervosos, temendo que ele ganhe novos brinquedos que possam substituí-los. Liderados pelo caubói Woody, o brinquedo predileto de Andy, eles recebem Buzz Lightyear, o boneco de um patrulheiro espacial, que logo passa a receber mais atenção do garoto. Com ciúmes, Woody tenta ensiná-lo uma lição, mas Buzz cai pela janela. É o início da aventura do caubói, que precisa resgatar Buzz para limpar sua barra com os outros brinquedos",
      "imagem" : "imagens/toy_story.jpg" 
    },
    {
      "id": "000005",
      "titulo": "MIB - Homens de Preto",
      "slug": "mib_-_homens_de_preto",
      "diretor": "Barry Sonnenfeld",
      "genero": "Ficção científica/Ação",
      "ano": "1997",
      "duracao": "1h 38m",
      "descricao":"Os agentes K e J são policiais futuristas que trabalham em um projeto supersecreto do governo. Ele envolve a captura e deportação de seres espaciais não autorizados a ficarem na Terra.",
      "imagem" : "imagens/mib.jpg" 
    }
    
]